,8-1,8-2,8-3,8-4,8-5,8-6,8-7,8-8,8-9,8-10,8-11,8-12,8-13,8-14,8-15,8-16,8-17
Club Fans SS Mid,,857694328.0,1346723418.0,1816884626.0,2317683632.0,2801554591.0,3258618974.0,3737868006.0,4216033076.0,4672271072.0,5144556434.0,5585273168.0,6012241414.0,6474495352.0,6942441604.0,7469713419.0,7967529670.0
Club Fans SS Floor,,800600250.0,1260918511.0,1706321166.0,2193763746.0,2633745673.0,3074068969.0,3468682041.0,3873479172.0,4344658648.0,4824899673.0,5259261413.0,5698791726.0,6173641003.0,6605207224.0,7012629235.0,7398522614.0
Club Fans S+ Mid,,681792294.0,1093735966.0,1469303876.0,1843413122.0,2241955180.0,2636765824.0,3001216884.0,3379310528.0,3767747431.0,4156874442.0,4515106078.0,4881465212.0,5259255440.0,5613761210.0,5984005428.0,6277411664.0
Club Fans S+ Floor,,628145041.0,1010188131.0,1371760973.0,1757112528.0,2097865280.0,2473686571.0,2803155294.0,3227521388.0,3568173837.0,3897824704.0,4250269956.0,4621090595.0,4993837152.0,5349901035.0,5683415047.0,6065222749.0
Club Fans S Mid,,486106198.0,784818913.0,1084772964.0,1371126946.0,1651499579.0,1956949092.0,2234359818.0,2524385486.0,2801090780.0,3059062460.0,3339674500.0,3621722245.0,3918918016.0,4176977194.0,4479622044.0,4753116012.0
Club Fans S Floor,,433427061.0,700275624.0,972698221.0,1246647171.0,1521759934.0,1790401063.0,2056499640.0,2318474932.0,2602321491.0,2866330865.0,3139609455.0,3408321756.0,3667459969.0,3946841414.0,4229234594.0,4494758568.0
Club Fans A+ Mid,,263927242.0,421930330.0,582271756.0,738069097.0,890168892.0,1042122988.0,1190101277.0,1331816258.0,1481121934.0,1644063536.0,1795955810.0,1934376396.0,2082773625.0,2226113109.0,2360159622.0,2505443322.0
Club Fans A+ Floor,,218520523.0,349468221.0,481248217.0,613053406.0,744604229.0,873208534.0,1001948829.0,1140036716.0,1283354850.0,1422550165.0,1555751232.0,1688646485.0,1821252486.0,1954349128.0,2084035173.0,2219258605.0
Club Fans A Mid,,169268444.0,271603791.0,374527066.0,471901926.0,568383988.0,663859411.0,756659376.0,848088640.0,949794802.0,1045862103.0,1141436779.0,1236457226.0,1322453207.0,1417219751.0,1509437094.0,1602712948.0
Club Fans A Floor,,135934792.0,216798591.0,297364170.0,378752891.0,459698948.0,539065181.0,619112821.0,696803760.0,780900637.0,866540974.0,952380973.0,1033046997.0,1108013103.0,1187889860.0,1261857206.0,1341758824.0
Club Fans B+ Mid,,70372674.0,109260472.0,146980120.0,185271990.0,220955138.0,256261748.0,290328749.0,324530604.0,361210836.0,396807898.0,433053847.0,468247960.0,502197684.0,534149926.0,566931518.0,600461394.0
Club Fans B+ Floor,,53573497.0,82275551.0,110721082.0,138880198.0,165794176.0,191636835.0,217998611.0,244321177.0,269672571.0,296214117.0,322632877.0,348756567.0,373871587.0,399569035.0,423530722.0,448062852.0
Club Fans B Mid,,43226772.0,66583218.0,89289584.0,111203736.0,132095260.0,152849560.0,173069406.0,193510797.0,213292598.0,233195819.0,253026182.0,273158086.0,292316622.0,312232240.0,331767120.0,351251560.0
Club Fans B Floor,,35612328.0,54518071.0,73009209.0,91083956.0,108192111.0,125257739.0,141949937.0,158396314.0,175096712.0,190672940.0,207133203.0,223545500.0,239861558.0,256008946.0,271470909.0,285937490.0
Club Day-to-Day SS Mid,,,492287808.0,481063843.0,482215957.0,457432858.0,471118552.0,474262514.0,458420389.0,473139358.0,453406432.0,440383302.0,465750972.0,458122260.0,473379279.0,451311421.0,472757284.0
Club Day-to-Day SS Floor,,,449777044.0,446430763.0,455514485.0,441690625.0,445726214.0,465177801.0,453732635.0,440490304.0,425561254.0,393974699.0,406648009.0,449220951.0,407013665.0,407422011.0,408018725.0
Club Day-to-Day S+ Mid,,,395131296.0,379611029.0,391439210.0,388886806.0,400550671.0,375681551.0,392635950.0,381242206.0,388766452.0,371468671.0,362867297.0,377236371.0,363223897.0,367909150.0,360284941.0
Club Day-to-Day S+ Floor,,,369347837.0,376245308.0,371504705.0,373765228.0,355572012.0,357857167.0,355275756.0,364414170.0,369571877.0,346066299.0,332859142.0,349897425.0,360356793.0,350109652.0,329880536.0
Club Day-to-Day S Mid,,,297476584.0,292326161.0,292339932.0,290066558.0,293406012.0,277421662.0,286424606.0,296600398.0,294495012.0,284891944.0,277930868.0,276474152.0,280916835.0,277763045.0,280526842.0
Club Day-to-Day S Floor,,,272821346.0,264644748.0,269616502.0,273230678.0,266033975.0,252441380.0,261975292.0,277402537.0,268610817.0,267375310.0,268712301.0,263749544.0,283399601.0,268185542.0,273717387.0
Club Day-to-Day A+ Mid,,,160879152.0,161883879.0,158377428.0,153776113.0,150077497.0,149105332.0,151902028.0,157845217.0,157469387.0,152289238.0,147404530.0,144938433.0,143999694.0,145136975.0,147461012.0
Club Day-to-Day A+ Floor,,,128425841.0,128575673.0,133846929.0,132924699.0,128856044.0,127707864.0,135239873.0,140889536.0,133871617.0,133862214.0,129233016.0,128137492.0,124662283.0,127936793.0,136637776.0
Club Day-to-Day A Mid,,,101568902.0,102432972.0,101762800.0,99020622.0,95051808.0,92570738.0,96216918.0,99197770.0,100525143.0,99484374.0,93658782.0,92583122.0,91961365.0,92464592.0,93007299.0
Club Day-to-Day A Floor,,,79650967.0,78821446.0,79075746.0,77216685.0,79851114.0,76586801.0,79073482.0,80846170.0,82464463.0,79865602.0,77988827.0,75885317.0,74754891.0,74516301.0,78071371.0
Club Day-to-Day B+ Mid,,,39114579.0,38407628.0,38184790.0,36745740.0,35509550.0,35739226.0,35841450.0,36634491.0,35651548.0,36392271.0,35870200.0,34868550.0,34304699.0,34402524.0,34497465.0
Club Day-to-Day B+ Floor,,,29634357.0,28193202.0,27792619.0,25618646.0,25780876.0,25902389.0,25564145.0,25615694.0,26042823.0,26003014.0,25190240.0,24731832.0,25147668.0,22907843.0,24489260.0
Club Day-to-Day B Mid,,,23256316.0,22425215.0,22102575.0,20960848.0,20426055.0,20508277.0,20285019.0,20227274.0,19645619.0,20351241.0,20417938.0,19907516.0,19618813.0,19393997.0,19188266.0
Club Day-to-Day B Floor,,,18130378.0,17883993.0,18507618.0,16664069.0,16851346.0,16517730.0,16768316.0,15699042.0,15382927.0,16852235.0,16730098.0,16343294.0,15204513.0,14159003.0,14597654.0
Club All-Time Avg SS Mid,,,492287808.0,486675825.5,485189202.6666667,478250116.5,476823803.6,476396922.0,473828845.85714287,473742659.875,471483079.0,468373101.3,468134725.90909094,467300353.75,467767963.38461536,466592496.0714286,467003481.93333334
Club All-Time Avg SS Floor,,,449777044.0,448103903.5,450574097.3333333,448353229.25,447827826.2,450719488.6666667,451149938.14285713,449817483.875,447122347.2222222,441807582.4,438611257.54545456,439495398.6666667,436996803.7692308,434884318.5714286,433093279.0
Club All-Time Avg S+ Mid,,,395131296.0,387371162.5,388727178.3333333,388767085.25,391123802.4,388550093.8333333,389133787.5714286,388147339.875,388216130.1111111,386541384.2,384389194.45454544,383793125.8333333,382210877.46153843,381189325.5,379795699.8666667
Club All-Time Avg S+ Floor,,,369347837.0,372796572.5,372365950.0,372715769.5,369287018.0,367382042.8333333,365652573.28571427,365497772.875,365950451.1111111,363962035.9,361134500.09090906,360198077.1666667,360210286.0769231,359488812.21428573,357514927.1333333
Club All-Time Avg S Mid,,,297476584.0,294901372.5,294047559.0,293052308.75,293123049.4,290506151.5,289923073.5714286,290757739.125,291172991.6666667,290544886.9,289398157.90909094,288321157.4166667,287751594.15384614,287038126.35714287,286604040.73333335
Club All-Time Avg S Floor,,,272821346.0,268733047.0,269027532.0,270078318.5,269269449.8,266464771.5,265823417.2857143,267270807.25,267419697.2222222,267415258.5,267533171.45454547,267217869.16666666,268462617.7692308,268442826.64285713,268794464.0
Club All-Time Avg A+ Mid,,,160879152.0,161381515.5,160380153.0,158729143.0,156998813.8,155683233.5,155143061.2857143,155480830.75,155701781.44444445,155360527.1,154637254.63636363,153829019.5,153072917.53846154,152506064.5,152169727.66666666
Club All-Time Avg A+ Floor,,,128425841.0,128500757.0,130282814.33333333,130943285.5,130525837.2,130056175.0,130796703.28571428,132058307.375,132259786.22222222,132420029.0,132130300.54545455,131797566.5,131248698.53846154,131012133.85714285,131387176.66666667
Club All-Time Avg A Mid,,,101568902.0,102000937.0,101921558.0,101196324.0,99967420.8,98734640.33333333,98374965.71428572,98477816.25,98705297.0,98783204.7,98317348.0909091,97839495.91666667,97387332.0,97035707.71428572,96767147.13333334
Club All-Time Avg A Floor,,,79650967.0,79236206.5,79182719.66666667,78691211.0,78923191.6,78533793.16666667,78610891.57142857,78890301.375,79287430.44444445,79345247.6,79221936.63636364,78943885.0,78621654.6923077,78328415.14285715,78311278.86666666
Club All-Time Avg B+ Mid,,,39114579.0,38761103.5,38568999.0,38113184.25,37592457.4,37283585.5,37077566.14285714,37022181.75,36869889.11111111,36822127.3,36735588.45454545,36580001.916666664,36404978.615384616,36261946.14285714,36144314.06666667
Club All-Time Avg B+ Floor,,,29634357.0,28913779.5,28540059.333333332,27809706.0,27403940.0,27153681.5,26926604.85714286,26762741.0,26682750.111111112,26614776.5,26485273.181818184,26339153.083333332,26247500.384615384,26008953.42857143,25907640.533333335
Club All-Time Avg B Mid,,,23256316.0,22840765.5,22594702.0,22186238.5,21834201.8,21613214.333333332,21423472.14285714,21273947.375,21093022.0,21018843.9,20964216.09090909,20876157.75,20779438.923076924,20680478.785714287,20580997.933333334
Club All-Time Avg B Floor,,,18130378.0,18007185.5,18173996.333333332,17796514.5,17607480.8,17425855.666666668,17331921.42857143,17127811.5,16933935.444444444,16925765.4,16907977.454545453,16860920.5,16733504.538461538,16549611.57142857,16419481.066666666
Club 3-Day Avg SS Mid,,,492287808.0,486675825.5,485189202.6666667,473570886.0,470255789.0,467604641.3333333,467933818.3333333,468607420.3333333,461655393.0,455643030.6666667,453180235.3333333,454752178.0,465750837.0,460937653.3333333,465815994.6666667
Club 3-Day Avg SS Floor,,,449777044.0,448103903.5,450574097.3333333,447878624.3333333,447643774.6666667,450864880.0,454878883.3333333,453133580.0,439928064.3333333,420008752.3333333,408727987.3333333,416614553.0,420960875.0,421218875.6666667,407484800.3333333
Club 3-Day Avg S+ Mid,,,395131296.0,387371162.5,388727178.3333333,386645681.6666667,393625562.3333333,388373009.3333333,389622724.0,383186569.0,387548202.6666667,380492443.0,374367473.3333333,370524113.0,367775855.0,369456472.6666667,363805996.0
Club 3-Day Avg S+ Floor,,,369347837.0,372796572.5,372365950.0,373838413.6666667,366947315.0,362398135.6666667,356234978.3333333,359182364.3333333,363087267.6666667,360017448.6666667,349499106.0,342940955.3333333,347704453.3333333,353454623.3333333,346782327.0
Club 3-Day Avg S Mid,,,297476584.0,294901372.5,294047559.0,291577550.3333333,291937500.6666667,286964744.0,285750760.0,286815555.3333333,292506672.0,291995784.6666667,285772608.0,279765654.6666667,278440618.3333333,278384677.3333333,279735574.0
Club 3-Day Avg S Floor,,,272821346.0,268733047.0,269027532.0,269163976.0,269627051.6666667,263902011.0,260150215.66666666,263939736.33333334,269329548.6666667,271129554.6666667,268232809.33333334,266612385.0,271953815.3333333,271778229.0,275100843.3333333
Club 3-Day Avg A+ Mid,,,160879152.0,161381515.5,160380153.0,158012473.33333334,154077012.66666666,150986314.0,150361619.0,152950859.0,155738877.33333334,155867947.33333334,152387718.33333334,148210733.66666666,145447552.33333334,144691700.66666666,145532560.33333334
Club 3-Day Avg A+ Floor,,,128425841.0,128500757.0,130282814.33333333,131782433.66666667,131875890.66666667,129829535.66666667,130601260.33333333,134612424.33333334,136667008.66666666,136207789.0,132322282.33333333,130410907.33333333,127344263.66666667,126912189.33333333,129745617.33333333
Club 3-Day Avg A Mid,,,101568902.0,102000937.0,101921558.0,101072131.33333333,98611743.33333333,95547722.66666667,94613154.66666667,95995142.0,98646610.33333333,99735762.33333333,97889433.0,95242092.66666667,92734423.0,92336359.66666667,92477752.0
Club 3-Day Avg A Floor,,,79650967.0,79236206.5,79182719.66666667,78371292.33333333,78714515.0,77884866.66666667,78503799.0,78835484.33333333,80794705.0,81058745.0,80106297.33333333,77913248.66666667,76209678.33333333,75052169.66666667,75780854.33333333
Club 3-Day Avg B+ Mid,,,39114579.0,38761103.5,38568999.0,37779386.0,36813360.0,35998172.0,35696742.0,36071722.333333336,36042496.333333336,36226103.333333336,35971339.666666664,35710340.333333336,35014483.0,34525257.666666664,34401562.666666664
Club 3-Day Avg B+ Floor,,,29634357.0,28913779.5,28540059.333333332,27201489.0,26397380.333333332,25767303.666666668,25749136.666666668,25694076.0,25740887.333333332,25887177.0,25745359.0,25308362.0,25023246.666666668,24262447.666666668,24181590.333333332
Club 3-Day Avg B Mid,,,23256316.0,22840765.5,22594702.0,21829546.0,21163159.333333332,20631726.666666668,20406450.333333332,20340190.0,20052637.333333332,20074711.333333332,20138266.0,20225565.0,19981422.333333332,19640108.666666668,19400358.666666668
Club 3-Day Avg B Floor,,,18130378.0,18007185.5,18173996.333333332,17685226.666666668,17341011.0,16677715.0,16712464.0,16328362.666666666,15950095.0,15978068.0,16321753.333333334,16641875.666666666,16092635.0,15235603.333333334,14653723.333333334
Indiv Day-to-Day SS Mid,,,16409593.6,16035461.433333334,16073865.233333332,15247761.933333334,15703951.733333332,15808750.466666667,15280679.633333333,15771311.933333334,15113547.733333332,14679443.4,15525032.4,15270742.0,15779309.3,15043714.033333333,15758576.133333333
Indiv Day-to-Day SS Floor,,,14992568.133333333,14881025.433333334,15183816.166666666,14723020.833333334,14857540.466666667,15505926.7,15124421.166666666,14683010.133333333,14185375.133333333,13132489.966666667,13554933.633333333,14974031.7,13567122.166666666,13580733.7,13600624.166666666
Indiv Day-to-Day S+ Mid,,,13171043.2,12653700.966666667,13047973.666666666,12962893.533333333,13351689.033333333,12522718.366666667,13087865.0,12708073.533333333,12958881.733333332,12382289.033333333,12095576.566666666,12574545.7,12107463.233333332,12263638.333333334,12009498.033333333
Indiv Day-to-Day S+ Floor,,,12311594.566666666,12541510.266666668,12383490.166666666,12458840.933333334,11852400.4,11928572.233333332,11842525.2,12147139.0,12319062.566666666,11535543.3,11095304.733333332,11663247.5,12011893.1,11670321.733333332,10996017.866666667
Indiv Day-to-Day S Mid,,,9915886.133333333,9744205.366666667,9744664.4,9668885.266666668,9780200.4,9247388.733333332,9547486.866666667,9886679.933333334,9816500.4,9496398.133333333,9264362.266666668,9215805.066666666,9363894.5,9258768.166666666,9350894.733333332
Indiv Day-to-Day S Floor,,,9094044.866666667,8821491.6,8987216.733333332,9107689.266666668,8867799.166666666,8414712.666666666,8732509.733333332,9246751.233333332,8953693.9,8912510.333333334,8957076.7,8791651.466666667,9446653.366666667,8939518.066666666,9123912.9
Indiv Day-to-Day A+ Mid,,,5362638.4,5396129.3,5279247.6,5125870.433333334,5002583.233333333,4970177.733333333,5063400.933333334,5261507.233333333,5248979.566666666,5076307.933333334,4913484.333333333,4831281.1,4799989.8,4837899.166666667,4915367.066666666
Indiv Day-to-Day A+ Floor,,,4280861.366666666,4285855.766666667,4461564.3,4430823.3,4295201.466666667,4256928.8,4507995.766666667,4696317.866666666,4462387.233333333,4462073.8,4307767.2,4271249.733333333,4155409.433333333,4264559.766666667,4554592.533333333
Indiv Day-to-Day A Mid,,,3385630.066666667,3414432.4,3392093.3333333335,3300687.4,3168393.6,3085691.2666666666,3207230.6,3306592.3333333335,3350838.1,3316145.8,3121959.4,3086104.066666667,3065378.8333333335,3082153.066666667,3100243.3
Indiv Day-to-Day A Floor,,,2655032.2333333334,2627381.533333333,2635858.2,2573889.5,2661703.8,2552893.3666666667,2635782.7333333334,2694872.3333333335,2748815.433333333,2662186.7333333334,2599627.566666667,2529510.566666667,2491829.7,2483876.7,2602379.033333333
Indiv Day-to-Day B+ Mid,,,1303819.3,1280254.2666666666,1272826.3333333333,1224858.0,1183651.6666666667,1191307.5333333334,1194715.0,1221149.7,1188384.9333333333,1213075.7,1195673.3333333333,1162285.0,1143489.9666666666,1146750.8,1149915.5
Indiv Day-to-Day B+ Floor,,,987811.9,939773.4,926420.6333333333,853954.8666666667,859362.5333333333,863412.9666666667,852138.1666666666,853856.4666666667,868094.1,866767.1333333333,839674.6666666666,824394.4,838255.6,763594.7666666667,816308.6666666666
Indiv Day-to-Day B Mid,,,775210.5333333333,747507.1666666666,736752.5,698694.9333333333,680868.5,683609.2333333333,676167.3,674242.4666666667,654853.9666666667,678374.7,680597.9333333333,663583.8666666667,653960.4333333333,646466.5666666667,639608.8666666667
Indiv Day-to-Day B Floor,,,604345.9333333333,596133.1,616920.6,555468.9666666667,561711.5333333333,550591.0,558943.8666666667,523301.4,512764.23333333334,561741.1666666666,557669.9333333333,544776.4666666667,506817.1,471966.76666666666,486588.4666666667
Indiv All-Time Avg SS Mid,,,16409593.6,16222527.516666668,16172973.422222223,15941670.55,15894126.786666667,15879897.4,15794294.861904763,15791421.995833334,15716102.633333333,15612436.71,15604490.863636365,15576678.458333334,15592265.446153846,15553083.202380953,15566782.731111111
Indiv All-Time Avg SS Floor,,,14992568.133333333,14936796.783333333,15019136.577777777,14945107.641666668,14927594.206666667,15023982.955555556,15038331.271428572,14993916.129166666,14904078.24074074,14726919.413333332,14620375.251515152,14649846.622222222,14566560.125641026,14496143.952380953,14436442.633333333
Indiv All-Time Avg S+ Mid,,,13171043.2,12912372.083333334,12957572.61111111,12958902.841666667,13037460.08,12951669.794444444,12971126.252380954,12938244.6625,12940537.67037037,12884712.806666667,12812973.148484848,12793104.194444444,12740362.58205128,12706310.85,12659856.662222223
Indiv All-Time Avg S+ Floor,,,12311594.566666666,12426552.416666666,12412198.333333334,12423858.983333332,12309567.266666668,12246068.094444444,12188419.109523809,12183259.095833333,12198348.37037037,12132067.863333333,12037816.669696968,12006602.572222224,12007009.535897436,11982960.407142857,11917164.237777777
Indiv All-Time Avg S Mid,,,9915886.133333333,9830045.75,9801585.3,9768410.291666666,9770768.313333333,9683538.383333333,9664102.452380953,9691924.6375,9705766.38888889,9684829.563333333,9646605.263636364,9610705.247222222,9591719.805128206,9567937.545238096,9553468.024444444
Indiv All-Time Avg S Floor,,,9094044.866666667,8957768.233333332,8967584.4,9002610.616666667,8975648.326666666,8882159.05,8860780.576190477,8909026.908333333,8913989.907407407,8913841.95,8917772.381818183,8907262.305555556,8948753.925641026,8948094.221428571,8959815.466666667
Indiv All-Time Avg A+ Mid,,,5362638.4,5379383.85,5346005.1,5290971.433333334,5233293.793333334,5189441.116666666,5171435.376190477,5182694.358333333,5190059.381481482,5178684.236666666,5154575.154545454,5127633.983333333,5102430.584615384,5083535.483333333,5072324.255555555
Indiv All-Time Avg A+ Floor,,,4280861.366666666,4283358.566666666,4342760.477777777,4364776.183333334,4350861.24,4335205.833333333,4359890.1095238095,4401943.579166667,4408659.5407407405,4414000.966666667,4404343.351515152,4393252.216666667,4374956.617948717,4367071.128571428,4379572.555555556
Indiv All-Time Avg A Mid,,,3385630.066666667,3400031.2333333334,3397385.2666666666,3373210.8,3332247.36,3291154.6777777774,3279165.523809524,3282593.875,3290176.566666667,3292773.49,3277244.9363636365,3261316.5305555556,3246244.4,3234523.5904761907,3225571.5711111114
Indiv All-Time Avg A Floor,,,2655032.2333333334,2641206.8833333333,2639423.988888889,2623040.3666666667,2630773.053333333,2617793.105555556,2620363.052380952,2629676.7125,2642914.348148148,2644841.5866666664,2640731.221212121,2631462.8333333335,2620721.8230769234,2610947.1714285715,2610375.962222222
Indiv All-Time Avg B+ Mid,,,1303819.3,1292036.7833333334,1285633.3,1270439.475,1253081.9133333333,1242786.1833333333,1235918.8714285714,1234072.725,1228996.3037037037,1227404.2433333332,1224519.615151515,1219333.397222222,1213499.2871794873,1208731.5380952382,1204810.468888889
Indiv All-Time Avg B+ Floor,,,987811.9,963792.65,951335.3111111111,926990.2,913464.6666666666,905122.7166666667,897553.4952380953,892091.3666666667,889425.0037037038,887159.2166666667,882842.4393939395,877971.7694444444,874916.6794871795,866965.1142857143,863588.0177777779
Indiv All-Time Avg B Mid,,,775210.5333333333,761358.85,753156.7333333333,739541.2833333333,727806.7266666667,720440.4777777777,714115.7380952381,709131.5791666667,703100.7333333333,700628.13,698807.203030303,695871.925,692647.9641025641,689349.2928571429,686033.2644444444
Indiv All-Time Avg B Floor,,,604345.9333333333,600239.5166666667,605799.8777777777,593217.15,586916.0266666667,580861.8555555556,577730.7142857143,570927.05,564464.5148148148,564192.1799999999,563599.2484848484,562030.6833333333,557783.4846153846,551653.719047619,547316.0355555556
Indiv 3-Day Avg SS Mid,,,16409593.6,16222527.516666668,16172973.422222223,15785696.2,15675192.966666667,15586821.377777778,15597793.944444444,15620247.344444444,15388513.1,15188101.022222223,15106007.844444444,15158405.933333334,15525027.9,15364588.444444444,15527199.822222224
Indiv 3-Day Avg SS Floor,,,14992568.133333333,14936796.783333333,15019136.577777777,14929287.477777777,14921459.155555556,15028829.333333334,15162629.444444444,15104452.666666666,14664268.811111111,14000291.744444443,13624266.244444443,13887151.766666668,14032029.166666666,14040629.188888889,13582826.677777776
Indiv 3-Day Avg S+ Mid,,,13171043.2,12912372.083333334,12957572.61111111,12888189.38888889,13120852.077777777,12945766.977777777,12987424.133333333,12772885.633333333,12918273.422222223,12683081.433333334,12478915.777777778,12350803.766666668,12259195.166666666,12315215.755555557,12126866.533333333
Indiv 3-Day Avg S+ Floor,,,12311594.566666666,12426552.416666666,12412198.333333334,12461280.455555556,12231577.166666666,12079937.855555557,11874499.277777778,11972745.477777777,12102908.922222223,12000581.622222222,11649970.2,11431365.177777776,11590148.444444444,11781820.777777778,11559410.9
Indiv 3-Day Avg S Mid,,,9915886.133333333,9830045.75,9801585.3,9719251.677777776,9731250.022222223,9565491.466666667,9525025.333333334,9560518.51111111,9750222.4,9733192.822222224,9525753.6,9325521.822222224,9281353.944444444,9279489.244444443,9324519.133333333
Indiv 3-Day Avg S Floor,,,9094044.866666667,8957768.233333332,8967584.4,8972132.533333333,8987568.38888889,8796733.7,8671673.855555555,8797991.211111112,8977651.622222222,9037651.822222224,8941093.644444445,8887079.5,9065127.177777776,9059274.3,9170028.11111111
Indiv 3-Day Avg A+ Mid,,,5362638.4,5379383.85,5346005.1,5267082.444444445,5135900.422222222,5032877.133333334,5012053.966666667,5098361.966666667,5191295.911111112,5195598.244444445,5079590.611111111,4940357.788888888,4848251.744444445,4823056.688888889,4851085.344444444
Indiv 3-Day Avg A+ Floor,,,4280861.366666666,4283358.566666666,4342760.477777777,4392747.788888889,4395863.022222223,4327651.188888889,4353375.344444444,4487080.811111111,4555566.955555555,4540259.633333334,4410742.744444444,4347030.244444444,4244808.788888889,4230406.311111111,4324853.911111111
Indiv 3-Day Avg A Mid,,,3385630.066666667,3400031.2333333334,3397385.2666666666,3369071.044444444,3287058.111111111,3184924.088888889,3153771.8222222226,3199838.066666667,3288220.3444444444,3324525.411111111,3262981.1,3174736.422222222,3091147.433333333,3077878.6555555556,3082591.7333333334
Indiv 3-Day Avg A Floor,,,2655032.2333333334,2641206.8833333333,2639423.988888889,2612376.411111111,2623817.1666666665,2596162.2222222225,2616793.3,2627849.4777777777,2693156.8333333335,2701958.1666666665,2670209.911111111,2597108.288888889,2540322.611111111,2501738.988888889,2526028.4777777777
Indiv 3-Day Avg B+ Mid,,,1303819.3,1292036.7833333334,1285633.3,1259312.8666666667,1227112.0,1199939.0666666667,1189891.4,1202390.7444444445,1201416.5444444446,1207536.7777777778,1199044.6555555554,1190344.677777778,1167149.4333333333,1150841.9222222222,1146718.7555555555
Indiv 3-Day Avg B+ Floor,,,987811.9,963792.65,951335.3111111111,906716.3,879912.6777777778,858910.1222222223,858304.5555555556,856469.2,858029.5777777777,862905.9,858178.6333333333,843612.0666666667,834108.2222222222,808748.2555555556,806053.011111111
Indiv 3-Day Avg B Mid,,,775210.5333333333,761358.85,753156.7333333333,727651.5333333333,705438.6444444444,687724.2222222222,680215.011111111,678006.3333333334,668421.2444444444,669157.0444444444,671275.5333333333,674185.5,666047.411111111,654670.2888888889,646678.6222222223
Indiv 3-Day Avg B Floor,,,604345.9333333333,600239.5166666667,605799.8777777777,589507.5555555556,578033.7,555923.8333333334,557082.1333333333,544278.7555555556,531669.8333333334,532602.2666666667,544058.4444444445,554729.1888888889,536421.1666666666,507853.44444444444,488457.44444444444
